<?xml version = "1.0" encoding = "utf-8"?>
<!DOCTYPE hibernate-configuration SYSTEM
        "http://www.hibernate.org/dtd/hibernate-configuration-3.0.dtd">
<hibernate-configuration>
    <session-factory>
        <property name="hibernate.connection.driver_class">com.mysql.cj.jdbc.Driver</property>
        <property name="hibernate.connection.url">jdbc:mysql://localhost:3307/java</property>
        <property name="hibernate.connection.username">root</property>
        <property name="hibernate.connection.password">bysel</property>
        <property name="show_sql">true</property>
        <property name="hibernate.hbm2ddl.auto">update</property>
        <mapping class="com.example.demo.DemoApplication"/>
        <mapping class="com.example.demo.data.User"/>
    </session-factory>
</hibernate-configuration>